Customer_ID,Phone_Service_ID
1,10
2,11
3,10
4,10
5,10
6,10
7,10
8,11
9,10
10,11
11,0
12,11
13,10
14,11
15,0
16,11
17,0
18,11
19,10
20,0
21,11
22,11
23,11
24,10
25,10
26,0
27,10
28,10
29,10
30,10
31,10
32,10
33,11
34,10
35,0
36,11
37,11
38,11
39,10
40,11
41,10
42,10
43,11
44,10
45,0
46,11
47,10
48,10
49,10
50,10
51,11
52,11
53,10
54,11
55,10
56,11
57,11
58,10
59,11
60,11
61,10
62,11
63,11
64,10
65,11
66,10
67,11
68,11
69,0
70,11
71,10
72,11
73,0
74,10
75,0
76,11
77,11
78,10
79,0
80,10
81,10
82,11
83,10
84,10
85,11
86,11
87,11
88,10
89,10
90,11
91,10
92,11
93,11
94,10
95,10
96,11
97,10
98,11
99,11
100,11
101,10
102,11
103,10
104,11
105,10
106,10
107,10
108,0
109,10
110,10
111,11
112,11
113,11
114,11
115,11
116,11
117,11
118,10
119,11
120,10
121,10
122,0
123,0
124,10
125,11
126,10
127,11
128,10
129,10
130,10
131,0
132,11
133,10
134,10
135,10
136,11
137,11
138,0
139,0
140,10
141,11
142,0
143,10
144,11
145,11
146,11
147,11
148,11
149,10
150,11
151,10
152,11
153,10
154,11
155,10
156,10
157,11
158,10
159,10
160,11
161,10
162,11
163,10
164,11
165,10
166,11
167,11
168,10
169,11
170,11
171,0
172,10
173,0
174,10
175,11
176,10
177,0
178,10
179,10
180,11
181,11
182,10
183,10
184,0
185,0
186,10
187,10
188,11
189,10
190,0
191,10
192,10
193,11
194,0
195,11
196,10
197,10
198,10
199,10
200,10
201,10
202,10
203,10
204,10
205,10
206,10
207,10
208,10
209,11
210,11
211,10
212,11
213,11
214,10
215,10
216,11
217,10
218,11
219,11
220,0
221,10
222,11
223,0
224,10
225,11
226,10
227,11
228,10
229,10
230,10
231,11
232,10
233,0
234,10
235,11
236,11
237,11
238,11
239,10
240,11
241,10
242,10
243,0
244,10
245,10
246,10
247,0
248,10
249,11
250,10
251,11
252,11
253,10
254,10
255,10
256,10
257,10
258,11
259,0
260,10
261,10
262,10
263,10
264,11
265,11
266,10
267,10
268,11
269,11
270,10
271,11
272,11
273,11
274,10
275,11
276,11
277,11
278,11
279,10
280,11
281,10
282,10
283,10
284,0
285,11
286,11
287,10
288,11
289,10
290,10
291,10
292,10
293,11
294,10
295,10
296,11
297,11
298,10
299,10
300,11
301,11
302,10
303,10
304,11
305,0
306,11
307,10
308,11
309,10
310,0
311,11
312,10
313,11
314,10
315,10
316,10
317,10
318,11
319,11
320,11
321,10
322,10
323,11
324,11
325,10
326,11
327,11
328,11
329,10
330,10
331,11
332,10
333,10
334,10
335,11
336,10
337,11
338,10
339,11
340,10
341,10
342,10
343,10
344,10
345,10
346,11
347,11
348,10
349,10
350,10
351,11
352,10
353,10
354,10
355,10
356,10
357,0
358,11
359,0
360,11
361,11
362,11
363,11
364,11
365,11
366,11
367,10
368,10
369,11
370,10
371,10
372,11
373,10
374,10
375,10
376,10
377,11
378,11
379,0
380,11
381,11
382,11
383,11
384,10
385,0
386,11
387,10
388,11
389,10
390,11
391,11
392,10
393,11
394,10
395,11
396,10
397,11
398,10
399,10
400,10
401,11
402,10
403,10
404,0
405,10
406,10
407,11
408,10
409,10
410,11
411,10
412,10
413,0
414,10
415,0
416,0
417,11
418,10
419,11
420,10
421,10
422,10
423,11
424,0
425,10
426,10
427,11
428,10
429,0
430,10
431,11
432,10
433,11
434,11
435,11
436,10
437,11
438,11
439,10
440,10
441,11
442,10
443,10
444,11
445,10
446,11
447,10
448,11
449,11
450,10
451,10
452,0
453,11
454,10
455,11
456,0
457,11
458,10
459,10
460,11
461,10
462,11
463,11
464,11
465,10
466,10
467,11
468,10
469,10
470,10
471,11
472,10
473,10
474,10
475,11
476,10
477,11
478,10
479,11
480,0
481,11
482,10
483,11
484,10
485,11
486,11
487,11
488,11
489,11
490,11
491,10
492,11
493,11
494,11
495,0
496,11
497,11
498,11
499,10
500,11
501,11
502,10
503,11
504,11
505,10
506,0
507,11
508,10
509,10
510,10
511,0
512,11
513,11
514,0
515,10
516,0
517,10
518,10
519,10
520,10
521,0
522,11
523,10
524,0
525,11
526,11
527,10
528,11
529,0
530,0
531,10
532,11
533,11
534,10
535,11
536,0
537,10
538,10
539,11
540,10
541,11
542,11
543,11
544,10
545,0
546,11
547,10
548,11
549,11
550,0
551,10
552,11
553,10
554,10
555,10
556,11
557,11
558,0
559,11
560,0
561,11
562,10
563,10
564,10
565,10
566,10
567,10
568,11
569,0
570,11
571,10
572,10
573,11
574,0
575,10
576,11
577,10
578,0
579,10
580,10
581,10
582,11
583,10
584,10
585,10
586,11
587,11
588,11
589,10
590,11
591,10
592,10
593,10
594,10
595,11
596,11
597,11
598,10
599,10
600,10
601,11
602,11
603,11
604,10
605,11
606,10
607,10
608,10
609,11
610,10
611,10
612,0
613,11
614,11
615,11
616,11
617,10
618,10
619,11
620,11
621,0
622,11
623,11
624,11
625,11
626,11
627,11
628,10
629,11
630,11
631,10
632,10
633,0
634,10
635,10
636,11
637,10
638,10
639,10
640,10
641,10
642,11
643,11
644,10
645,10
646,11
647,11
648,0
649,10
650,10
651,11
652,0
653,10
654,10
655,10
656,11
657,11
658,11
659,10
660,10
661,10
662,10
663,10
664,10
665,10
666,11
667,10
668,11
669,0
670,0
671,11
672,10
673,0
674,10
675,11
676,10
677,10
678,10
679,10
680,10
681,10
682,10
683,10
684,10
685,11
686,10
687,10
688,10
689,11
690,11
691,11
692,10
693,0
694,10
695,11
696,10
697,10
698,11
699,10
700,10
701,11
702,11
703,10
704,10
705,10
706,10
707,10
708,11
709,11
710,10
711,10
712,10
713,0
714,10
715,10
716,10
717,10
718,10
719,11
720,11
721,10
722,10
723,10
724,10
725,10
726,11
727,11
728,10
729,10
730,11
731,10
732,0
733,11
734,10
735,10
736,10
737,10
738,10
739,10
740,11
741,11
742,10
743,10
744,10
745,11
746,11
747,10
748,11
749,10
750,0
751,11
752,11
753,11
754,10
755,10
756,10
757,0
758,10
759,0
760,11
761,11
762,11
763,10
764,11
765,11
766,10
767,11
768,10
769,0
770,10
771,11
772,10
773,10
774,10
775,11
776,11
777,10
778,10
779,10
780,11
781,10
782,11
783,10
784,0
785,11
786,10
787,0
788,11
789,11
790,11
791,0
792,10
793,10
794,11
795,10
796,11
797,11
798,11
799,10
800,10
801,11
802,11
803,11
804,11
805,11
806,11
807,11
808,11
809,11
810,10
811,10
812,10
813,10
814,11
815,10
816,0
817,11
818,10
819,10
820,11
821,11
822,11
823,10
824,10
825,10
826,11
827,11
828,10
829,0
830,10
831,10
832,10
833,11
834,0
835,11
836,10
837,10
838,10
839,11
840,10
841,10
842,11
843,10
844,10
845,10
846,10
847,11
848,11
849,11
850,11
851,11
852,10
853,10
854,10
855,11
856,10
857,11
858,10
859,10
860,10
861,11
862,11
863,11
864,11
865,10
866,11
867,10
868,0
869,10
870,11
871,0
872,11
873,10
874,11
875,11
876,11
877,11
878,10
879,10
880,0
881,11
882,10
883,11
884,0
885,10
886,11
887,10
888,10
889,11
890,11
891,11
892,0
893,10
894,10
895,10
896,10
897,11
898,11
899,10
900,10
901,11
902,11
903,11
904,11
905,10
906,11
907,11
908,11
909,0
910,11
911,11
912,11
913,10
914,0
915,11
916,0
917,11
918,11
919,10
920,0
921,10
922,0
923,11
924,11
925,11
926,10
927,10
928,10
929,11
930,10
931,10
932,11
933,11
934,10
935,10
936,10
937,11
938,10
939,11
940,10
941,10
942,0
943,11
944,10
945,11
946,0
947,11
948,10
949,11
950,11
951,10
952,11
953,10
954,11
955,10
956,10
957,11
958,11
959,10
960,10
961,10
962,0
963,10
964,10
965,0
966,10
967,10
968,11
969,11
970,10
971,10
972,10
973,10
974,10
975,10
976,11
977,10
978,10
979,10
980,11
981,11
982,10
983,10
984,10
985,11
986,10
987,0
988,10
989,10
990,0
991,10
992,10
993,0
994,10
995,11
996,10
997,10
998,11
999,10
1000,10
1001,11
1002,10
1003,11
1004,11
1005,11
1006,10
1007,10
1008,10
1009,11
1010,11
1011,10
1012,0
1013,10
1014,10
1015,11
1016,10
1017,11
1018,11
1019,11
1020,10
1021,10
1022,11
1023,10
1024,10
1025,11
1026,11
1027,11
1028,11
1029,11
1030,11
1031,10
1032,11
1033,11
1034,10
1035,10
1036,0
1037,10
1038,10
1039,10
1040,10
1041,11
1042,10
1043,10
1044,10
1045,10
1046,10
1047,11
1048,11
1049,0
1050,10
1051,11
1052,10
1053,11
1054,10
1055,11
1056,11
1057,10
1058,10
1059,11
1060,11
1061,11
1062,11
1063,10
1064,11
1065,10
1066,10
1067,11
1068,11
1069,11
1070,0
1071,10
1072,10
1073,10
1074,11
1075,11
1076,11
1077,11
1078,11
1079,11
1080,11
1081,10
1082,10
1083,10
1084,10
1085,10
1086,11
1087,10
1088,11
1089,11
1090,10
1091,11
1092,10
1093,11
1094,11
1095,10
1096,11
1097,10
1098,10
1099,11
1100,11
1101,10
1102,10
1103,11
1104,11
1105,10
1106,10
1107,11
1108,11
1109,11
1110,10
1111,0
1112,11
1113,10
1114,11
1115,11
1116,10
1117,10
1118,10
1119,10
1120,10
1121,11
1122,0
1123,10
1124,10
1125,11
1126,11
1127,10
1128,11
1129,10
1130,11
1131,10
1132,11
1133,10
1134,11
1135,10
1136,11
1137,11
1138,10
1139,10
1140,10
1141,11
1142,10
1143,10
1144,11
1145,11
1146,10
1147,10
1148,10
1149,11
1150,11
1151,0
1152,11
1153,10
1154,10
1155,11
1156,10
1157,10
1158,10
1159,11
1160,11
1161,10
1162,11
1163,10
1164,0
1165,10
1166,11
1167,10
1168,10
1169,11
1170,10
1171,10
1172,10
1173,10
1174,10
1175,11
1176,0
1177,10
1178,10
1179,11
1180,11
1181,10
1182,11
1183,10
1184,0
1185,11
1186,11
1187,10
1188,10
1189,11
1190,10
1191,10
1192,10
1193,10
1194,10
1195,10
1196,10
1197,10
1198,10
1199,10
1200,11
1201,11
1202,10
1203,11
1204,0
1205,10
1206,11
1207,11
1208,10
1209,0
1210,11
1211,10
1212,11
1213,10
1214,10
1215,10
1216,10
1217,10
1218,11
1219,10
1220,10
1221,10
1222,11
1223,11
1224,10
1225,11
1226,11
1227,0
1228,0
1229,10
1230,11
1231,10
1232,10
1233,11
1234,10
1235,11
1236,11
1237,11
1238,10
1239,10
1240,0
1241,10
1242,11
1243,11
1244,11
1245,11
1246,10
1247,11
1248,10
1249,10
1250,10
1251,10
1252,10
1253,11
1254,11
1255,0
1256,10
1257,10
1258,10
1259,10
1260,0
1261,0
1262,10
1263,10
1264,11
1265,10
1266,11
1267,11
1268,10
1269,10
1270,11
1271,10
1272,11
1273,11
1274,11
1275,10
1276,10
1277,11
1278,11
1279,10
1280,11
1281,10
1282,11
1283,10
1284,10
1285,10
1286,10
1287,10
1288,10
1289,10
1290,10
1291,11
1292,10
1293,0
1294,11
1295,11
1296,10
1297,11
1298,0
1299,10
1300,10
1301,10
1302,11
1303,10
1304,10
1305,10
1306,0
1307,11
1308,11
1309,10
1310,10
1311,10
1312,11
1313,11
1314,10
1315,10
1316,10
1317,11
1318,10
1319,11
1320,10
1321,10
1322,10
1323,11
1324,11
1325,11
1326,11
1327,10
1328,0
1329,10
1330,10
1331,11
1332,10
1333,11
1334,11
1335,11
1336,10
1337,11
1338,11
1339,11
1340,10
1341,10
1342,10
1343,11
1344,11
1345,11
1346,11
1347,10
1348,10
1349,10
1350,10
1351,10
1352,0
1353,11
1354,10
1355,11
1356,10
1357,10
1358,10
1359,11
1360,10
1361,10
1362,11
1363,10
1364,10
1365,10
1366,11
1367,0
1368,11
1369,10
1370,11
1371,10
1372,11
1373,10
1374,11
1375,10
1376,11
1377,10
1378,11
1379,11
1380,11
1381,11
1382,11
1383,10
1384,0
1385,0
1386,11
1387,11
1388,10
1389,10
1390,11
1391,10
1392,11
1393,11
1394,10
1395,10
1396,11
1397,11
1398,10
1399,10
1400,11
1401,11
1402,0
1403,10
1404,11
1405,10
1406,10
1407,11
1408,11
1409,10
1410,11
1411,10
1412,11
1413,10
1414,10
1415,10
1416,11
1417,10
1418,10
1419,10
1420,11
1421,11
1422,0
1423,11
1424,10
1425,11
1426,11
1427,11
1428,11
1429,11
1430,11
1431,11
1432,0
1433,10
1434,10
1435,10
1436,10
1437,10
1438,11
1439,10
1440,10
1441,10
1442,11
1443,11
1444,11
1445,10
1446,10
1447,10
1448,0
1449,10
1450,10
1451,10
1452,11
1453,11
1454,0
1455,10
1456,10
1457,10
1458,11
1459,11
1460,11
1461,11
1462,11
1463,10
1464,11
1465,0
1466,10
1467,10
1468,11
1469,11
1470,10
1471,11
1472,11
1473,11
1474,10
1475,10
1476,10
1477,10
1478,11
1479,0
1480,10
1481,10
1482,11
1483,10
1484,11
1485,11
1486,0
1487,11
1488,10
1489,11
1490,10
1491,10
1492,0
1493,11
1494,10
1495,11
1496,11
1497,11
1498,11
1499,10
1500,10
1501,10
1502,11
1503,10
1504,11
1505,10
1506,11
1507,0
1508,11
1509,0
1510,11
1511,10
1512,10
1513,11
1514,10
1515,11
1516,11
1517,10
1518,10
1519,10
1520,10
1521,10
1522,10
1523,11
1524,0
1525,10
1526,11
1527,0
1528,11
1529,11
1530,10
1531,10
1532,10
1533,10
1534,11
1535,11
1536,11
1537,10
1538,11
1539,11
1540,10
1541,11
1542,11
1543,11
1544,11
1545,0
1546,11
1547,10
1548,11
1549,0
1550,10
1551,10
1552,11
1553,11
1554,10
1555,11
1556,11
1557,11
1558,11
1559,11
1560,11
1561,10
1562,11
1563,10
1564,0
1565,10
1566,11
1567,10
1568,10
1569,11
1570,11
1571,11
1572,10
1573,10
1574,0
1575,11
1576,11
1577,10
1578,10
1579,10
1580,11
1581,11
1582,10
1583,10
1584,11
1585,10
1586,0
1587,10
1588,0
1589,0
1590,10
1591,0
1592,10
1593,10
1594,10
1595,10
1596,10
1597,11
1598,11
1599,10
1600,11
1601,10
1602,11
1603,10
1604,11
1605,10
1606,0
1607,10
1608,10
1609,10
1610,10
1611,0
1612,10
1613,11
1614,10
1615,10
1616,10
1617,11
1618,10
1619,11
1620,10
1621,11
1622,0
1623,10
1624,11
1625,10
1626,10
1627,11
1628,10
1629,11
1630,11
1631,10
1632,10
1633,10
1634,10
1635,11
1636,11
1637,10
1638,10
1639,11
1640,11
1641,11
1642,10
1643,10
1644,10
1645,10
1646,11
1647,11
1648,10
1649,10
1650,10
1651,10
1652,10
1653,11
1654,10
1655,11
1656,11
1657,0
1658,10
1659,11
1660,0
1661,10
1662,10
1663,11
1664,10
1665,10
1666,10
1667,10
1668,10
1669,11
1670,11
1671,11
1672,11
1673,0
1674,11
1675,10
1676,11
1677,10
1678,11
1679,10
1680,11
1681,11
1682,11
1683,10
1684,11
1685,11
1686,11
1687,10
1688,0
1689,11
1690,11
1691,10
1692,10
1693,10
1694,10
1695,11
1696,10
1697,11
1698,11
1699,11
1700,11
1701,0
1702,11
1703,11
1704,10
1705,10
1706,11
1707,10
1708,10
1709,10
1710,0
1711,11
1712,0
1713,11
1714,10
1715,10
1716,11
1717,10
1718,11
1719,10
1720,10
1721,11
1722,11
1723,11
1724,11
1725,10
1726,11
1727,10
1728,0
1729,11
1730,11
1731,11
1732,10
1733,10
1734,11
1735,10
1736,10
1737,10
1738,10
1739,11
1740,11
1741,11
1742,0
1743,0
1744,0
1745,10
1746,10
1747,11
1748,10
1749,10
1750,10
1751,10
1752,11
1753,11
1754,11
1755,11
1756,11
1757,10
1758,11
1759,10
1760,11
1761,10
1762,10
1763,11
1764,10
1765,0
1766,10
1767,11
1768,0
1769,10
1770,0
1771,11
1772,10
1773,10
1774,10
1775,0
1776,10
1777,10
1778,10
1779,10
1780,10
1781,10
1782,10
1783,0
1784,0
1785,10
1786,10
1787,10
1788,11
1789,11
1790,11
1791,10
1792,11
1793,10
1794,11
1795,10
1796,10
1797,11
1798,0
1799,11
1800,10
1801,11
1802,11
1803,11
1804,11
1805,10
1806,0
1807,11
1808,10
1809,0
1810,10
1811,11
1812,11
1813,10
1814,10
1815,11
1816,10
1817,11
1818,10
1819,11
1820,11
1821,10
1822,10
1823,11
1824,11
1825,10
1826,11
1827,10
1828,11
1829,10
1830,10
1831,10
1832,11
1833,0
1834,10
1835,10
1836,11
1837,11
1838,10
1839,11
1840,11
1841,11
1842,10
1843,11
1844,10
1845,10
1846,11
1847,10
1848,10
1849,11
1850,0
1851,11
1852,11
1853,10
1854,10
1855,11
1856,11
1857,10
1858,11
1859,11
1860,11
1861,10
1862,11
1863,11
1864,10
1865,10
1866,11
1867,10
1868,10
1869,11
1870,10
1871,10
1872,10
1873,10
1874,10
1875,11
1876,11
1877,10
1878,11
1879,0
1880,10
1881,10
1882,11
1883,10
1884,11
1885,10
1886,0
1887,10
1888,11
1889,10
1890,11
1891,11
1892,11
1893,11
1894,10
1895,10
1896,11
1897,11
1898,11
1899,10
1900,10
1901,10
1902,0
1903,0
1904,0
1905,11
1906,11
1907,11
1908,10
1909,0
1910,0
1911,11
1912,11
1913,10
1914,11
1915,10
1916,11
1917,10
1918,10
1919,10
1920,0
1921,10
1922,10
1923,11
1924,10
1925,11
1926,11
1927,10
1928,10
1929,10
1930,10
1931,11
1932,11
1933,11
1934,11
1935,11
1936,10
1937,10
1938,0
1939,10
1940,10
1941,10
1942,10
1943,0
1944,10
1945,10
1946,11
1947,11
1948,11
1949,0
1950,11
1951,10
1952,10
1953,10
1954,10
1955,11
1956,10
1957,10
1958,0
1959,11
1960,10
1961,10
1962,10
1963,11
1964,10
1965,10
1966,11
1967,11
1968,10
1969,10
1970,10
1971,10
1972,10
1973,10
1974,10
1975,11
1976,11
1977,11
1978,10
1979,0
1980,11
1981,11
1982,10
1983,10
1984,11
1985,10
1986,11
1987,11
1988,11
1989,10
1990,11
1991,10
1992,0
1993,10
1994,11
1995,10
1996,10
1997,10
1998,11
1999,10
2000,11
2001,11
2002,10
2003,10
2004,11
2005,11
2006,10
2007,0
2008,10
2009,10
2010,0
2011,11
2012,10
2013,10
2014,11
2015,10
2016,10
2017,11
2018,0
2019,11
2020,0
2021,11
2022,11
2023,10
2024,10
2025,10
2026,10
2027,11
2028,11
2029,11
2030,10
2031,11
2032,11
2033,10
2034,10
2035,11
2036,11
2037,10
2038,11
2039,11
2040,10
2041,0
2042,11
2043,11
2044,0
2045,10
2046,11
2047,11
2048,11
2049,10
2050,10
2051,11
2052,11
2053,10
2054,10
2055,0
2056,10
2057,10
2058,10
2059,11
2060,10
2061,10
2062,11
2063,0
2064,10
2065,10
2066,11
2067,11
2068,11
2069,11
2070,11
2071,11
2072,11
2073,11
2074,10
2075,10
2076,10
2077,10
2078,11
2079,11
2080,11
2081,11
2082,11
2083,10
2084,11
2085,10
2086,11
2087,11
2088,10
2089,11
2090,0
2091,10
2092,11
2093,11
2094,11
2095,10
2096,11
2097,11
2098,11
2099,10
2100,11
2101,10
2102,10
2103,10
2104,0
2105,10
2106,10
2107,11
2108,11
2109,10
2110,11
2111,10
2112,11
2113,10
2114,10
2115,0
2116,11
2117,10
2118,10
2119,10
2120,11
2121,11
2122,11
2123,0
2124,11
2125,0
2126,10
2127,10
2128,11
2129,11
2130,0
2131,11
2132,10
2133,11
2134,10
2135,10
2136,10
2137,11
2138,0
2139,10
2140,11
2141,10
2142,11
2143,10
2144,11
2145,10
2146,10
2147,10
2148,0
2149,10
2150,11
2151,11
2152,10
2153,11
2154,11
2155,11
2156,11
2157,11
2158,10
2159,0
2160,11
2161,11
2162,11
2163,10
2164,11
2165,11
2166,11
2167,10
2168,11
2169,10
2170,11
2171,10
2172,10
2173,10
2174,11
2175,11
2176,10
2177,10
2178,10
2179,11
2180,11
2181,10
2182,11
2183,10
2184,11
2185,11
2186,10
2187,0
2188,11
2189,11
2190,11
2191,10
2192,10
2193,11
2194,10
2195,10
2196,11
2197,10
2198,11
2199,11
2200,10
2201,10
2202,10
2203,10
2204,11
2205,0
2206,11
2207,10
2208,11
2209,10
2210,10
2211,0
2212,10
2213,11
2214,11
2215,10
2216,10
2217,11
2218,10
2219,10
2220,11
2221,10
2222,10
2223,11
2224,10
2225,10
2226,0
2227,10
2228,10
2229,10
2230,10
2231,11
2232,10
2233,10
2234,11
2235,11
2236,10
2237,11
2238,10
2239,11
2240,11
2241,11
2242,11
2243,11
2244,10
2245,11
2246,11
2247,11
2248,11
2249,10
2250,10
2251,11
2252,10
2253,10
2254,11
2255,10
2256,10
2257,11
2258,11
2259,11
2260,10
2261,10
2262,11
2263,11
2264,10
2265,10
2266,0
2267,10
2268,10
2269,11
2270,10
2271,10
2272,11
2273,0
2274,11
2275,11
2276,10
2277,11
2278,10
2279,0
2280,10
2281,11
2282,11
2283,11
2284,11
2285,11
2286,11
2287,11
2288,10
2289,11
2290,10
2291,10
2292,0
2293,11
2294,10
2295,10
2296,11
2297,10
2298,11
2299,11
2300,11
2301,0
2302,11
2303,11
2304,10
2305,0
2306,11
2307,11
2308,0
2309,10
2310,0
2311,10
2312,11
2313,11
2314,11
2315,0
2316,11
2317,10
2318,0
2319,10
2320,10
2321,10
2322,11
2323,10
2324,11
2325,11
2326,10
2327,11
2328,10
2329,0
2330,11
2331,11
2332,11
2333,11
2334,11
2335,10
2336,10
2337,10
2338,0
2339,11
2340,10
2341,11
2342,11
2343,11
2344,11
2345,10
2346,10
2347,10
2348,11
2349,10
2350,10
2351,11
2352,11
2353,11
2354,11
2355,10
2356,10
2357,11
2358,10
2359,10
2360,10
2361,11
2362,11
2363,10
2364,11
2365,11
2366,11
2367,10
2368,11
2369,11
2370,11
2371,10
2372,11
2373,11
2374,10
2375,10
2376,10
2377,11
2378,11
2379,11
2380,11
2381,10
2382,11
2383,10
2384,10
2385,10
2386,11
2387,11
2388,10
2389,0
2390,11
2391,11
2392,10
2393,11
2394,10
2395,10
2396,10
2397,11
2398,11
2399,11
2400,11
2401,10
2402,10
2403,0
2404,10
2405,0
2406,11
2407,0
2408,10
2409,10
2410,10
2411,11
2412,10
2413,11
2414,11
2415,10
2416,10
2417,10
2418,10
2419,11
2420,11
2421,10
2422,11
2423,11
2424,11
2425,10
2426,11
2427,0
2428,11
2429,11
2430,0
2431,11
2432,10
2433,11
2434,11
2435,10
2436,10
2437,10
2438,11
2439,10
2440,10
2441,10
2442,10
2443,11
2444,10
2445,11
2446,10
2447,11
2448,10
2449,11
2450,11
2451,10
2452,10
2453,0
2454,11
2455,11
2456,10
2457,11
2458,11
2459,11
2460,10
2461,10
2462,10
2463,10
2464,10
2465,11
2466,10
2467,0
2468,10
2469,10
2470,10
2471,11
2472,11
2473,11
2474,0
2475,10
2476,11
2477,11
2478,11
2479,10
2480,11
2481,11
2482,11
2483,0
2484,11
2485,11
2486,10
2487,11
2488,10
2489,11
2490,0
2491,10
2492,10
2493,11
2494,11
2495,11
2496,10
2497,10
2498,11
2499,11
2500,11
2501,10
2502,10
2503,11
2504,11
2505,10
2506,10
2507,10
2508,11
2509,11
2510,11
2511,10
2512,11
2513,10
2514,10
2515,10
2516,10
2517,0
2518,11
2519,11
2520,11
2521,10
2522,11
2523,0
2524,11
2525,11
2526,11
2527,11
2528,10
2529,10
2530,11
2531,0
2532,10
2533,10
2534,10
2535,10
2536,10
2537,10
2538,0
2539,10
2540,10
2541,11
2542,11
2543,10
2544,10
2545,11
2546,10
2547,11
2548,11
2549,10
2550,10
2551,10
2552,10
2553,0
2554,11
2555,10
2556,11
2557,11
2558,10
2559,11
2560,10
2561,10
2562,10
2563,10
2564,0
2565,10
2566,0
2567,10
2568,11
2569,10
2570,11
2571,10
2572,10
2573,0
2574,10
2575,10
2576,10
2577,11
2578,11
2579,10
2580,11
2581,11
2582,0
2583,11
2584,0
2585,10
2586,11
2587,11
2588,10
2589,11
2590,10
2591,10
2592,0
2593,10
2594,11
2595,11
2596,11
2597,10
2598,10
2599,10
2600,11
2601,11
2602,10
2603,11
2604,10
2605,10
2606,11
2607,10
2608,10
2609,10
2610,10
2611,10
2612,10
2613,10
2614,10
2615,11
2616,10
2617,10
2618,11
2619,10
2620,11
2621,10
2622,11
2623,11
2624,10
2625,11
2626,10
2627,10
2628,11
2629,11
2630,0
2631,10
2632,10
2633,11
2634,0
2635,11
2636,0
2637,10
2638,10
2639,10
2640,0
2641,10
2642,10
2643,10
2644,10
2645,11
2646,11
2647,11
2648,11
2649,11
2650,10
2651,10
2652,11
2653,11
2654,11
2655,10
2656,11
2657,10
2658,0
2659,10
2660,10
2661,11
2662,10
2663,10
2664,11
2665,10
2666,11
2667,0
2668,11
2669,11
2670,10
2671,11
2672,10
2673,11
2674,11
2675,0
2676,10
2677,10
2678,10
2679,10
2680,10
2681,11
2682,0
2683,10
2684,10
2685,10
2686,10
2687,11
2688,11
2689,11
2690,11
2691,0
2692,11
2693,0
2694,11
2695,10
2696,10
2697,11
2698,11
2699,11
2700,0
2701,11
2702,11
2703,10
2704,10
2705,0
2706,10
2707,11
2708,11
2709,10
2710,11
2711,11
2712,10
2713,10
2714,10
2715,11
2716,11
2717,10
2718,11
2719,10
2720,11
2721,11
2722,10
2723,11
2724,11
2725,11
2726,11
2727,10
2728,11
2729,10
2730,0
2731,11
2732,11
2733,10
2734,10
2735,0
2736,10
2737,11
2738,0
2739,0
2740,11
2741,11
2742,11
2743,10
2744,11
2745,11
2746,11
2747,10
2748,0
2749,10
2750,0
2751,11
2752,11
2753,10
2754,11
2755,10
2756,11
2757,10
2758,10
2759,10
2760,10
2761,10
2762,10
2763,11
2764,0
2765,11
2766,11
2767,10
2768,11
2769,0
2770,11
2771,10
2772,11
2773,10
2774,10
2775,11
2776,10
2777,10
2778,11
2779,10
2780,10
2781,10
2782,11
2783,11
2784,11
2785,10
2786,11
2787,10
2788,11
2789,11
2790,10
2791,10
2792,10
2793,10
2794,11
2795,10
2796,10
2797,10
2798,10
2799,10
2800,11
2801,10
2802,11
2803,10
2804,10
2805,10
2806,11
2807,11
2808,10
2809,10
2810,10
2811,0
2812,11
2813,10
2814,11
2815,10
2816,10
2817,10
2818,11
2819,10
2820,11
2821,10
2822,10
2823,10
2824,10
2825,10
2826,11
2827,11
2828,10
2829,11
2830,10
2831,11
2832,0
2833,11
2834,10
2835,10
2836,0
2837,0
2838,11
2839,10
2840,10
2841,10
2842,10
2843,11
2844,11
2845,11
2846,11
2847,10
2848,11
2849,10
2850,10
2851,10
2852,11
2853,10
2854,10
2855,10
2856,11
2857,11
2858,11
2859,11
2860,10
2861,11
2862,0
2863,11
2864,11
2865,0
2866,11
2867,10
2868,10
2869,10
2870,10
2871,11
2872,11
2873,11
2874,10
2875,11
2876,11
2877,11
2878,11
2879,11
2880,10
2881,10
2882,11
2883,10
2884,0
2885,10
2886,11
2887,10
2888,10
2889,0
2890,11
2891,10
2892,11
2893,11
2894,11
2895,11
2896,11
2897,11
2898,11
2899,11
2900,10
2901,11
2902,0
2903,10
2904,11
2905,11
2906,10
2907,11
2908,0
2909,0
2910,0
2911,10
2912,10
2913,10
2914,11
2915,10
2916,10
2917,10
2918,11
2919,10
2920,10
2921,11
2922,11
2923,10
2924,11
2925,11
2926,0
2927,11
2928,10
2929,10
2930,10
2931,10
2932,11
2933,11
2934,10
2935,11
2936,10
2937,11
2938,10
2939,11
2940,10
2941,11
2942,10
2943,11
2944,11
2945,0
2946,11
2947,10
2948,0
2949,11
2950,10
2951,10
2952,10
2953,10
2954,10
2955,11
2956,11
2957,10
2958,10
2959,10
2960,11
2961,11
2962,11
2963,11
2964,10
2965,10
2966,0
2967,10
2968,10
2969,10
2970,11
2971,11
2972,10
2973,11
2974,10
2975,11
2976,11
2977,0
2978,10
2979,10
2980,0
2981,10
2982,11
2983,10
2984,10
2985,10
2986,11
2987,10
2988,0
2989,11
2990,11
2991,11
2992,10
2993,10
2994,11
2995,11
2996,10
2997,0
2998,10
2999,11
3000,10
3001,11
3002,10
3003,11
3004,10
3005,11
3006,11
3007,10
3008,11
3009,11
3010,11
3011,0
3012,0
3013,10
3014,0
3015,11
3016,10
3017,10
3018,10
3019,10
3020,10
3021,11
3022,10
3023,11
3024,0
3025,10
3026,10
3027,11
3028,10
3029,10
3030,10
3031,0
3032,11
3033,10
3034,10
3035,10
3036,10
3037,10
3038,11
3039,11
3040,10
3041,10
3042,10
3043,11
3044,10
3045,11
3046,0
3047,11
3048,10
3049,10
3050,10
3051,10
3052,0
3053,11
3054,10
3055,10
3056,11
3057,10
3058,11
3059,11
3060,10
3061,10
3062,10
3063,11
3064,10
3065,10
3066,11
3067,10
3068,10
3069,11
3070,11
3071,10
3072,10
3073,10
3074,10
3075,10
3076,11
3077,10
3078,11
3079,10
3080,11
3081,11
3082,10
3083,10
3084,11
3085,11
3086,11
3087,11
3088,11
3089,10
3090,10
3091,0
3092,11
3093,10
3094,10
3095,11
3096,10
3097,0
3098,10
3099,11
3100,11
3101,11
3102,11
3103,10
3104,11
3105,0
3106,10
3107,10
3108,10
3109,11
3110,10
3111,11
3112,0
3113,11
3114,10
3115,10
3116,10
3117,10
3118,11
3119,0
3120,11
3121,10
3122,11
3123,11
3124,10
3125,10
3126,10
3127,10
3128,11
3129,10
3130,10
3131,11
3132,10
3133,11
3134,11
3135,11
3136,10
3137,11
3138,0
3139,10
3140,11
3141,10
3142,10
3143,10
3144,10
3145,10
3146,11
3147,11
3148,10
3149,11
3150,11
3151,10
3152,11
3153,11
3154,0
3155,10
3156,11
3157,11
3158,10
3159,10
3160,10
3161,11
3162,11
3163,10
3164,10
3165,10
3166,11
3167,10
3168,10
3169,11
3170,10
3171,11
3172,11
3173,11
3174,10
3175,10
3176,11
3177,11
3178,11
3179,10
3180,10
3181,11
3182,11
3183,10
3184,11
3185,11
3186,11
3187,10
3188,11
3189,10
3190,10
3191,10
3192,10
3193,10
3194,10
3195,10
3196,10
3197,0
3198,11
3199,10
3200,11
3201,10
3202,10
3203,11
3204,10
3205,11
3206,0
3207,11
3208,11
3209,10
3210,0
3211,10
3212,10
3213,10
3214,10
3215,0
3216,10
3217,11
3218,10
3219,10
3220,10
3221,11
3222,10
3223,10
3224,10
3225,0
3226,10
3227,11
3228,11
3229,11
3230,11
3231,0
3232,10
3233,10
3234,10
3235,10
3236,10
3237,10
3238,10
3239,10
3240,11
3241,10
3242,11
3243,10
3244,10
3245,10
3246,10
3247,11
3248,10
3249,10
3250,10
3251,11
3252,11
3253,11
3254,10
3255,0
3256,11
3257,11
3258,11
3259,10
3260,11
3261,10
3262,10
3263,11
3264,0
3265,10
3266,10
3267,11
3268,10
3269,11
3270,11
3271,10
3272,11
3273,11
3274,0
3275,10
3276,11
3277,10
3278,11
3279,11
3280,10
3281,11
3282,11
3283,10
3284,11
3285,10
3286,10
3287,10
3288,10
3289,11
3290,10
3291,10
3292,11
3293,0
3294,11
3295,10
3296,0
3297,10
3298,10
3299,10
3300,11
3301,10
3302,11
3303,11
3304,10
3305,11
3306,11
3307,0
3308,10
3309,10
3310,11
3311,11
3312,10
3313,11
3314,0
3315,11
3316,10
3317,11
3318,11
3319,11
3320,11
3321,10
3322,0
3323,0
3324,10
3325,11
3326,10
3327,11
3328,11
3329,10
3330,11
3331,10
3332,10
3333,10
3334,11
3335,11
3336,10
3337,11
3338,10
3339,11
3340,11
3341,10
3342,11
3343,10
3344,10
3345,10
3346,10
3347,10
3348,10
3349,10
3350,0
3351,10
3352,11
3353,10
3354,11
3355,11
3356,10
3357,0
3358,10
3359,11
3360,11
3361,11
3362,10
3363,10
3364,10
3365,10
3366,11
3367,10
3368,0
3369,10
3370,11
3371,10
3372,10
3373,11
3374,10
3375,10
3376,10
3377,10
3378,11
3379,11
3380,0
3381,10
3382,11
3383,10
3384,11
3385,10
3386,10
3387,11
3388,11
3389,11
3390,11
3391,0
3392,11
3393,10
3394,11
3395,11
3396,11
3397,11
3398,10
3399,10
3400,0
3401,10
3402,10
3403,11
3404,11
3405,11
3406,10
3407,11
3408,11
3409,11
3410,11
3411,10
3412,11
3413,11
3414,10
3415,11
3416,0
3417,11
3418,11
3419,10
3420,11
3421,10
3422,10
3423,11
3424,10
3425,11
3426,11
3427,10
3428,10
3429,10
3430,0
3431,10
3432,10
3433,11
3434,10
3435,10
3436,0
3437,11
3438,10
3439,10
3440,11
3441,10
3442,10
3443,10
3444,0
3445,11
3446,10
3447,10
3448,11
3449,10
3450,11
3451,0
3452,10
3453,10
3454,10
3455,11
3456,10
3457,11
3458,11
3459,11
3460,10
3461,0
3462,11
3463,10
3464,11
3465,11
3466,11
3467,11
3468,11
3469,11
3470,11
3471,11
3472,10
3473,11
3474,10
3475,10
3476,10
3477,11
3478,10
3479,11
3480,10
3481,11
3482,10
3483,10
3484,10
3485,10
3486,10
3487,11
3488,11
3489,0
3490,11
3491,10
3492,10
3493,11
3494,11
3495,0
3496,11
3497,11
3498,11
3499,10
3500,10
3501,10
3502,10
3503,10
3504,11
3505,10
3506,10
3507,0
3508,11
3509,10
3510,10
3511,0
3512,11
3513,10
3514,11
3515,10
3516,11
3517,10
3518,0
3519,11
3520,11
3521,10
3522,11
3523,11
3524,10
3525,11
3526,0
3527,11
3528,10
3529,11
3530,10
3531,0
3532,10
3533,11
3534,10
3535,10
3536,0
3537,11
3538,10
3539,11
3540,11
3541,10
3542,11
3543,11
3544,10
3545,11
3546,10
3547,10
3548,10
3549,11
3550,10
3551,10
3552,10
3553,11
3554,10
3555,11
3556,11
3557,10
3558,10
3559,10
3560,11
3561,0
3562,10
3563,10
3564,10
3565,11
3566,10
3567,11
3568,11
3569,10
3570,0
3571,10
3572,11
3573,10
3574,10
3575,10
3576,10
3577,10
3578,10
3579,11
3580,10
3581,11
3582,0
3583,11
3584,11
3585,11
3586,10
3587,10
3588,10
3589,0
3590,10
3591,11
3592,10
3593,10
3594,10
3595,10
3596,11
3597,10
3598,11
3599,10
3600,10
3601,0
3602,0
3603,11
3604,11
3605,11
3606,11
3607,11
3608,10
3609,11
3610,10
3611,10
3612,0
3613,0
3614,11
3615,11
3616,10
3617,11
3618,10
3619,10
3620,10
3621,0
3622,10
3623,11
3624,10
3625,11
3626,11
3627,11
3628,11
3629,11
3630,10
3631,0
3632,10
3633,10
3634,11
3635,10
3636,10
3637,10
3638,10
3639,10
3640,11
3641,10
3642,11
3643,11
3644,11
3645,11
3646,11
3647,0
3648,11
3649,0
3650,10
3651,10
3652,10
3653,10
3654,11
3655,0
3656,11
3657,11
3658,10
3659,0
3660,10
3661,11
3662,11
3663,10
3664,10
3665,11
3666,10
3667,10
3668,11
3669,10
3670,10
3671,11
3672,10
3673,11
3674,0
3675,10
3676,11
3677,10
3678,10
3679,10
3680,10
3681,11
3682,11
3683,11
3684,10
3685,10
3686,10
3687,11
3688,11
3689,11
3690,10
3691,10
3692,0
3693,11
3694,10
3695,10
3696,0
3697,10
3698,10
3699,0
3700,10
3701,10
3702,10
3703,10
3704,10
3705,10
3706,10
3707,11
3708,0
3709,11
3710,11
3711,11
3712,10
3713,10
3714,10
3715,10
3716,0
3717,10
3718,10
3719,11
3720,10
3721,10
3722,11
3723,0
3724,11
3725,10
3726,11
3727,11
3728,10
3729,11
3730,11
3731,0
3732,11
3733,11
3734,11
3735,11
3736,0
3737,10
3738,0
3739,10
3740,11
3741,10
3742,10
3743,11
3744,11
3745,0
3746,10
3747,10
3748,11
3749,10
3750,11
3751,10
3752,11
3753,11
3754,10
3755,11
3756,0
3757,10
3758,11
3759,10
3760,10
3761,11
3762,10
3763,11
3764,11
3765,11
3766,11
3767,11
3768,11
3769,10
3770,11
3771,0
3772,10
3773,10
3774,0
3775,11
3776,10
3777,11
3778,11
3779,11
3780,0
3781,10
3782,10
3783,11
3784,11
3785,11
3786,11
3787,10
3788,11
3789,11
3790,11
3791,11
3792,11
3793,11
3794,11
3795,11
3796,0
3797,10
3798,11
3799,11
3800,11
3801,10
3802,10
3803,11
3804,0
3805,10
3806,0
3807,10
3808,11
3809,11
3810,10
3811,11
3812,11
3813,0
3814,10
3815,11
3816,10
3817,11
3818,10
3819,11
3820,11
3821,10
3822,11
3823,11
3824,10
3825,11
3826,11
3827,0
3828,11
3829,11
3830,10
3831,11
3832,10
3833,11
3834,10
3835,11
3836,0
3837,11
3838,10
3839,10
3840,10
3841,10
3842,10
3843,11
3844,10
3845,0
3846,10
3847,10
3848,11
3849,10
3850,11
3851,11
3852,11
3853,10
3854,11
3855,11
3856,10
3857,11
3858,10
3859,11
3860,11
3861,10
3862,10
3863,11
3864,11
3865,10
3866,11
3867,10
3868,11
3869,10
3870,11
3871,10
3872,11
3873,10
3874,11
3875,10
3876,10
3877,11
3878,11
3879,11
3880,11
3881,11
3882,10
3883,0
3884,10
3885,10
3886,11
3887,10
3888,10
3889,11
3890,10
3891,0
3892,11
3893,10
3894,11
3895,0
3896,10
3897,10
3898,11
3899,10
3900,0
3901,10
3902,10
3903,10
3904,10
3905,10
3906,10
3907,10
3908,10
3909,11
3910,10
3911,10
3912,11
3913,11
3914,10
3915,10
3916,11
3917,10
3918,11
3919,10
3920,10
3921,11
3922,10
3923,11
3924,11
3925,10
3926,10
3927,10
3928,10
3929,10
3930,0
3931,0
3932,11
3933,11
3934,10
3935,11
3936,10
3937,10
3938,10
3939,10
3940,10
3941,10
3942,10
3943,11
3944,10
3945,10
3946,11
3947,11
3948,11
3949,10
3950,10
3951,10
3952,11
3953,10
3954,10
3955,11
3956,10
3957,11
3958,11
3959,11
3960,11
3961,10
3962,10
3963,10
3964,11
3965,10
3966,10
3967,0
3968,10
3969,11
3970,0
3971,10
3972,11
3973,10
3974,11
3975,11
3976,10
3977,10
3978,10
3979,10
3980,11
3981,11
3982,11
3983,11
3984,10
3985,10
3986,11
3987,10
3988,11
3989,10
3990,10
3991,11
3992,10
3993,11
3994,11
3995,10
3996,11
3997,10
3998,0
3999,11
4000,10
4001,11
4002,11
4003,10
4004,10
4005,10
4006,0
4007,10
4008,0
4009,11
4010,10
4011,10
4012,10
4013,10
4014,11
4015,11
4016,10
4017,0
4018,11
4019,11
4020,11
4021,11
4022,0
4023,11
4024,11
4025,11
4026,0
4027,10
4028,11
4029,10
4030,11
4031,11
4032,10
4033,11
4034,10
4035,10
4036,10
4037,11
4038,10
4039,10
4040,10
4041,10
4042,10
4043,0
4044,11
4045,11
4046,0
4047,11
4048,10
4049,10
4050,10
4051,10
4052,11
4053,10
4054,11
4055,10
4056,10
4057,10
4058,10
4059,11
4060,11
4061,11
4062,10
4063,11
4064,10
4065,10
4066,0
4067,10
4068,11
4069,11
4070,11
4071,11
4072,10
4073,11
4074,10
4075,10
4076,10
4077,11
4078,0
4079,10
4080,11
4081,10
4082,0
4083,10
4084,10
4085,10
4086,10
4087,10
4088,10
4089,10
4090,10
4091,10
4092,11
4093,11
4094,10
4095,10
4096,11
4097,11
4098,11
4099,10
4100,10
4101,11
4102,10
4103,10
4104,11
4105,11
4106,11
4107,10
4108,10
4109,10
4110,11
4111,11
4112,10
4113,10
4114,11
4115,10
4116,11
4117,10
4118,11
4119,11
4120,11
4121,11
4122,10
4123,10
4124,10
4125,10
4126,11
4127,11
4128,10
4129,10
4130,10
4131,10
4132,10
4133,10
4134,10
4135,11
4136,10
4137,11
4138,10
4139,10
4140,10
4141,10
4142,11
4143,11
4144,11
4145,10
4146,10
4147,10
4148,0
4149,10
4150,0
4151,10
4152,10
4153,10
4154,0
4155,10
4156,10
4157,10
4158,11
4159,11
4160,0
4161,11
4162,11
4163,10
4164,11
4165,11
4166,11
4167,11
4168,10
4169,10
4170,10
4171,10
4172,11
4173,11
4174,11
4175,10
4176,10
4177,10
4178,10
4179,11
4180,11
4181,10
4182,10
4183,11
4184,10
4185,11
4186,11
4187,11
4188,10
4189,10
4190,10
4191,10
4192,10
4193,10
4194,10
4195,11
4196,10
4197,11
4198,10
4199,11
4200,11
4201,10
4202,11
4203,10
4204,11
4205,11
4206,11
4207,11
4208,10
4209,11
4210,0
4211,11
4212,11
4213,10
4214,10
4215,10
4216,10
4217,11
4218,10
4219,11
4220,10
4221,11
4222,11
4223,11
4224,11
4225,0
4226,10
4227,10
4228,11
4229,11
4230,11
4231,10
4232,11
4233,10
4234,11
4235,10
4236,10
4237,11
4238,11
4239,11
4240,11
4241,11
4242,11
4243,11
4244,11
4245,11
4246,11
4247,10
4248,11
4249,0
4250,10
4251,10
4252,10
4253,11
4254,10
4255,11
4256,10
4257,10
4258,11
4259,10
4260,11
4261,11
4262,11
4263,0
4264,10
4265,10
4266,11
4267,11
4268,0
4269,11
4270,11
4271,11
4272,10
4273,10
4274,10
4275,0
4276,10
4277,10
4278,11
4279,11
4280,0
4281,11
4282,11
4283,0
4284,10
4285,10
4286,0
4287,10
4288,11
4289,10
4290,0
4291,10
4292,10
4293,10
4294,10
4295,11
4296,11
4297,11
4298,11
4299,10
4300,10
4301,10
4302,10
4303,10
4304,10
4305,10
4306,11
4307,10
4308,10
4309,11
4310,10
4311,10
4312,11
4313,11
4314,10
4315,10
4316,10
4317,11
4318,11
4319,11
4320,10
4321,10
4322,11
4323,11
4324,10
4325,11
4326,10
4327,11
4328,11
4329,10
4330,11
4331,10
4332,10
4333,0
4334,0
4335,11
4336,0
4337,10
4338,11
4339,10
4340,0
4341,11
4342,10
4343,11
4344,10
4345,0
4346,10
4347,0
4348,11
4349,10
4350,10
4351,0
4352,11
4353,11
4354,0
4355,11
4356,10
4357,10
4358,10
4359,10
4360,10
4361,10
4362,10
4363,11
4364,10
4365,0
4366,0
4367,11
4368,10
4369,0
4370,10
4371,10
4372,0
4373,10
4374,11
4375,10
4376,10
4377,11
4378,11
4379,11
4380,11
4381,0
4382,10
4383,11
4384,10
4385,11
4386,10
4387,0
4388,11
4389,10
4390,10
4391,10
4392,11
4393,10
4394,11
4395,11
4396,11
4397,11
4398,11
4399,11
4400,11
4401,10
4402,0
4403,10
4404,0
4405,11
4406,0
4407,10
4408,11
4409,10
4410,11
4411,10
4412,11
4413,10
4414,11
4415,10
4416,11
4417,10
4418,10
4419,0
4420,10
4421,10
4422,11
4423,11
4424,11
4425,0
4426,0
4427,11
4428,10
4429,11
4430,0
4431,10
4432,10
4433,11
4434,10
4435,11
4436,11
4437,10
4438,11
4439,10
4440,11
4441,11
4442,11
4443,10
4444,10
4445,10
4446,10
4447,10
4448,11
4449,11
4450,11
4451,10
4452,10
4453,10
4454,0
4455,10
4456,11
4457,11
4458,11
4459,10
4460,11
4461,10
4462,10
4463,10
4464,11
4465,11
4466,10
4467,11
4468,11
4469,11
4470,11
4471,11
4472,10
4473,10
4474,11
4475,10
4476,0
4477,0
4478,10
4479,10
4480,10
4481,10
4482,10
4483,11
4484,11
4485,11
4486,11
4487,11
4488,11
4489,11
4490,0
4491,0
4492,10
4493,11
4494,10
4495,10
4496,10
4497,10
4498,0
4499,10
4500,0
4501,11
4502,11
4503,0
4504,10
4505,10
4506,0
4507,11
4508,11
4509,11
4510,10
4511,10
4512,11
4513,10
4514,11
4515,10
4516,10
4517,10
4518,0
4519,11
4520,10
4521,11
4522,11
4523,10
4524,10
4525,10
4526,10
4527,10
4528,10
4529,11
4530,10
4531,10
4532,10
4533,10
4534,11
4535,10
4536,10
4537,11
4538,10
4539,11
4540,0
4541,11
4542,10
4543,0
4544,11
4545,11
4546,10
4547,11
4548,11
4549,10
4550,10
4551,10
4552,10
4553,10
4554,10
4555,10
4556,10
4557,10
4558,11
4559,10
4560,11
4561,11
4562,11
4563,11
4564,0
4565,11
4566,11
4567,11
4568,10
4569,11
4570,10
4571,11
4572,10
4573,11
4574,10
4575,0
4576,10
4577,10
4578,10
4579,10
4580,11
4581,11
4582,10
4583,0
4584,11
4585,11
4586,10
4587,10
4588,11
4589,11
4590,10
4591,10
4592,10
4593,10
4594,10
4595,10
4596,10
4597,10
4598,11
4599,0
4600,10
4601,10
4602,11
4603,11
4604,11
4605,10
4606,10
4607,11
4608,10
4609,11
4610,11
4611,10
4612,10
4613,10
4614,0
4615,10
4616,10
4617,10
4618,10
4619,11
4620,11
4621,11
4622,10
4623,11
4624,11
4625,10
4626,10
4627,10
4628,11
4629,0
4630,11
4631,10
4632,10
4633,0
4634,0
4635,10
4636,0
4637,0
4638,10
4639,11
4640,11
4641,0
4642,0
4643,10
4644,10
4645,10
4646,11
4647,10
4648,10
4649,0
4650,10
4651,11
4652,10
4653,10
4654,10
4655,10
4656,10
4657,10
4658,11
4659,11
4660,0
4661,10
4662,10
4663,0
4664,10
4665,10
4666,10
4667,11
4668,11
4669,10
4670,10
4671,11
4672,10
4673,11
4674,10
4675,11
4676,0
4677,10
4678,10
4679,10
4680,11
4681,10
4682,10
4683,10
4684,10
4685,11
4686,11
4687,10
4688,0
4689,11
4690,11
4691,10
4692,11
4693,11
4694,11
4695,10
4696,10
4697,11
4698,10
4699,10
4700,0
4701,10
4702,10
4703,10
4704,11
4705,10
4706,10
4707,11
4708,11
4709,10
4710,10
4711,11
4712,10
4713,0
4714,10
4715,10
4716,10
4717,11
4718,11
4719,11
4720,10
4721,11
4722,10
4723,11
4724,11
4725,10
4726,10
4727,10
4728,11
4729,11
4730,0
4731,0
4732,11
4733,11
4734,11
4735,11
4736,11
4737,10
4738,11
4739,11
4740,11
4741,11
4742,10
4743,0
4744,11
4745,10
4746,10
4747,10
4748,11
4749,10
4750,10
4751,11
4752,11
4753,11
4754,10
4755,10
4756,10
4757,10
4758,10
4759,10
4760,10
4761,0
4762,11
4763,0
4764,0
4765,10
4766,10
4767,11
4768,11
4769,10
4770,10
4771,0
4772,10
4773,11
4774,11
4775,10
4776,0
4777,11
4778,10
4779,10
4780,11
4781,10
4782,10
4783,11
4784,10
4785,10
4786,10
4787,10
4788,11
4789,11
4790,11
4791,10
4792,10
4793,11
4794,10
4795,11
4796,10
4797,0
4798,11
4799,11
4800,0
4801,11
4802,10
4803,11
4804,10
4805,11
4806,11
4807,10
4808,0
4809,11
4810,11
4811,10
4812,10
4813,11
4814,10
4815,11
4816,11
4817,10
4818,0
4819,10
4820,11
4821,11
4822,0
4823,10
4824,11
4825,10
4826,10
4827,0
4828,11
4829,11
4830,11
4831,11
4832,10
4833,11
4834,0
4835,11
4836,11
4837,11
4838,10
4839,10
4840,11
4841,11
4842,10
4843,10
4844,11
4845,10
4846,10
4847,10
4848,0
4849,10
4850,11
4851,10
4852,11
4853,11
4854,11
4855,10
4856,11
4857,11
4858,10
4859,10
4860,10
4861,10
4862,11
4863,11
4864,10
4865,11
4866,11
4867,11
4868,11
4869,10
4870,11
4871,10
4872,11
4873,10
4874,10
4875,0
4876,10
4877,10
4878,11
4879,11
4880,10
4881,10
4882,10
4883,10
4884,10
4885,10
4886,11
4887,10
4888,11
4889,11
4890,10
4891,11
4892,11
4893,10
4894,11
4895,10
4896,10
4897,10
4898,10
4899,11
4900,11
4901,11
4902,11
4903,11
4904,11
4905,10
4906,11
4907,10
4908,0
4909,11
4910,11
4911,11
4912,10
4913,10
4914,11
4915,0
4916,11
4917,10
4918,11
4919,11
4920,10
4921,10
4922,11
4923,10
4924,10
4925,11
4926,10
4927,10
4928,10
4929,0
4930,10
4931,10
4932,10
4933,10
4934,11
4935,10
4936,11
4937,11
4938,10
4939,10
4940,10
4941,10
4942,11
4943,10
4944,10
4945,11
4946,11
4947,0
4948,10
4949,10
4950,0
4951,10
4952,11
4953,10
4954,10
4955,11
4956,10
4957,11
4958,10
4959,10
4960,0
4961,10
4962,10
4963,11
4964,10
4965,10
4966,11
4967,11
4968,11
4969,11
4970,10
4971,11
4972,11
4973,10
4974,10
4975,11
4976,10
4977,10
4978,11
4979,11
4980,10
4981,10
4982,11
4983,10
4984,10
4985,11
4986,10
4987,10
4988,11
4989,11
4990,0
4991,10
4992,11
4993,10
4994,10
4995,10
4996,10
4997,0
4998,11
4999,10
5000,11
5001,10
5002,11
5003,0
5004,11
5005,11
5006,10
5007,11
5008,10
5009,11
5010,10
5011,11
5012,0
5013,10
5014,11
5015,10
5016,11
5017,10
5018,10
5019,10
5020,10
5021,10
5022,11
5023,10
5024,11
5025,10
5026,11
5027,10
5028,10
5029,11
5030,11
5031,10
5032,11
5033,0
5034,0
5035,10
5036,0
5037,11
5038,11
5039,10
5040,11
5041,10
5042,11
5043,11
5044,0
5045,10
5046,10
5047,11
5048,11
5049,10
5050,10
5051,11
5052,11
5053,10
5054,10
5055,11
5056,11
5057,11
5058,10
5059,0
5060,10
5061,10
5062,10
5063,11
5064,11
5065,11
5066,11
5067,11
5068,11
5069,11
5070,10
5071,11
5072,10
5073,11
5074,11
5075,0
5076,10
5077,11
5078,11
5079,10
5080,0
5081,10
5082,11
5083,11
5084,10
5085,10
5086,11
5087,10
5088,11
5089,10
5090,10
5091,10
5092,10
5093,10
5094,11
5095,10
5096,11
5097,11
5098,11
5099,11
5100,11
5101,11
5102,10
5103,10
5104,10
5105,11
5106,10
5107,0
5108,11
5109,11
5110,11
5111,11
5112,11
5113,10
5114,11
5115,10
5116,0
5117,10
5118,10
5119,10
5120,11
5121,10
5122,10
5123,10
5124,11
5125,11
5126,10
5127,11
5128,10
5129,10
5130,10
5131,10
5132,11
5133,11
5134,10
5135,10
5136,11
5137,0
5138,11
5139,11
5140,10
5141,11
5142,10
5143,0
5144,11
5145,11
5146,10
5147,0
5148,10
5149,10
5150,0
5151,11
5152,10
5153,10
5154,11
5155,11
5156,11
5157,10
5158,11
5159,11
5160,10
5161,10
5162,10
5163,11
5164,10
5165,10
5166,11
5167,10
5168,10
5169,11
5170,11
5171,11
5172,0
5173,0
5174,10
5175,10
5176,10
5177,11
5178,11
5179,10
5180,0
5181,10
5182,11
5183,10
5184,10
5185,10
5186,10
5187,10
5188,10
5189,10
5190,10
5191,11
5192,10
5193,10
5194,10
5195,10
5196,10
5197,10
5198,11
5199,11
5200,11
5201,11
5202,10
5203,10
5204,10
5205,11
5206,10
5207,0
5208,11
5209,0
5210,10
5211,10
5212,10
5213,11
5214,11
5215,10
5216,0
5217,11
5218,0
5219,11
5220,11
5221,11
5222,10
5223,10
5224,0
5225,10
5226,11
5227,11
5228,11
5229,10
5230,10
5231,11
5232,11
5233,10
5234,0
5235,10
5236,10
5237,10
5238,10
5239,10
5240,10
5241,0
5242,0
5243,11
5244,10
5245,10
5246,10
5247,0
5248,10
5249,11
5250,11
5251,11
5252,11
5253,11
5254,10
5255,11
5256,11
5257,10
5258,10
5259,11
5260,11
5261,10
5262,10
5263,10
5264,11
5265,10
5266,0
5267,11
5268,11
5269,10
5270,11
5271,10
5272,10
5273,10
5274,10
5275,10
5276,11
5277,11
5278,11
5279,10
5280,11
5281,11
5282,11
5283,11
5284,11
5285,11
5286,10
5287,10
5288,10
5289,10
5290,10
5291,0
5292,11
5293,11
5294,10
5295,10
5296,11
5297,11
5298,11
5299,11
5300,11
5301,11
5302,11
5303,0
5304,10
5305,11
5306,11
5307,10
5308,10
5309,10
5310,11
5311,11
5312,10
5313,11
5314,10
5315,11
5316,10
5317,11
5318,11
5319,0
5320,10
5321,11
5322,10
5323,10
5324,11
5325,11
5326,10
5327,10
5328,11
5329,11
5330,10
5331,11
5332,11
5333,10
5334,10
5335,11
5336,11
5337,0
5338,10
5339,10
5340,10
5341,11
5342,11
5343,10
5344,11
5345,11
5346,10
5347,10
5348,10
5349,10
5350,11
5351,10
5352,10
5353,10
5354,10
5355,10
5356,10
5357,11
5358,11
5359,10
5360,0
5361,11
5362,11
5363,11
5364,11
5365,10
5366,11
5367,11
5368,10
5369,11
5370,10
5371,10
5372,10
5373,11
5374,11
5375,10
5376,0
5377,10
5378,10
5379,10
5380,10
5381,0
5382,10
5383,10
5384,10
5385,10
5386,10
5387,11
5388,0
5389,11
5390,10
5391,10
5392,10
5393,11
5394,11
5395,0
5396,10
5397,10
5398,11
5399,11
5400,10
5401,11
5402,11
5403,10
5404,11
5405,0
5406,0
5407,10
5408,11
5409,11
5410,11
5411,10
5412,0
5413,10
5414,10
5415,11
5416,11
5417,11
5418,10
5419,11
5420,10
5421,10
5422,10
5423,0
5424,0
5425,10
5426,10
5427,10
5428,11
5429,11
5430,10
5431,11
5432,11
5433,10
5434,10
5435,10
5436,10
5437,11
5438,10
5439,10
5440,10
5441,10
5442,10
5443,11
5444,10
5445,11
5446,11
5447,0
5448,10
5449,10
5450,10
5451,11
5452,10
5453,11
5454,10
5455,10
5456,11
5457,10
5458,10
5459,10
5460,10
5461,10
5462,11
5463,10
5464,10
5465,10
5466,11
5467,11
5468,11
5469,11
5470,10
5471,10
5472,10
5473,10
5474,11
5475,10
5476,10
5477,10
5478,11
5479,11
5480,10
5481,11
5482,11
5483,10
5484,10
5485,10
5486,10
5487,0
5488,11
5489,0
5490,10
5491,10
5492,10
5493,11
5494,10
5495,0
5496,0
5497,11
5498,11
5499,0
5500,10
5501,10
5502,0
5503,10
5504,11
5505,0
5506,11
5507,10
5508,10
5509,0
5510,0
5511,10
5512,10
5513,11
5514,10
5515,11
5516,10
5517,11
5518,10
5519,0
5520,11
5521,10
5522,10
5523,10
5524,11
5525,11
5526,11
5527,0
5528,0
5529,11
5530,10
5531,11
5532,10
5533,11
5534,11
5535,10
5536,0
5537,10
5538,10
5539,10
5540,11
5541,10
5542,11
5543,0
5544,10
5545,10
5546,10
5547,11
5548,10
5549,11
5550,10
5551,10
5552,0
5553,11
5554,10
5555,11
5556,11
5557,11
5558,11
5559,10
5560,10
5561,10
5562,11
5563,10
5564,10
5565,11
5566,10
5567,10
5568,10
5569,10
5570,10
5571,10
5572,0
5573,11
5574,11
5575,10
5576,0
5577,10
5578,11
5579,10
5580,0
5581,10
5582,11
5583,11
5584,11
5585,10
5586,10
5587,11
5588,10
5589,11
5590,10
5591,11
5592,11
5593,10
5594,0
5595,11
5596,10
5597,10
5598,10
5599,10
5600,0
5601,0
5602,11
5603,10
5604,0
5605,11
5606,11
5607,10
5608,0
5609,11
5610,10
5611,11
5612,11
5613,11
5614,11
5615,10
5616,10
5617,0
5618,11
5619,10
5620,10
5621,11
5622,10
5623,11
5624,10
5625,11
5626,10
5627,10
5628,10
5629,10
5630,11
5631,10
5632,0
5633,10
5634,11
5635,10
5636,11
5637,11
5638,10
5639,0
5640,11
5641,10
5642,10
5643,10
5644,10
5645,10
5646,10
5647,0
5648,11
5649,11
5650,11
5651,11
5652,10
5653,10
5654,11
5655,10
5656,11
5657,11
5658,11
5659,11
5660,10
5661,10
5662,10
5663,11
5664,11
5665,10
5666,0
5667,10
5668,10
5669,10
5670,10
5671,11
5672,10
5673,11
5674,11
5675,11
5676,11
5677,11
5678,10
5679,10
5680,10
5681,10
5682,11
5683,10
5684,0
5685,10
5686,11
5687,11
5688,11
5689,11
5690,11
5691,10
5692,11
5693,11
5694,10
5695,10
5696,11
5697,11
5698,11
5699,11
5700,10
5701,11
5702,11
5703,0
5704,10
5705,10
5706,0
5707,10
5708,11
5709,10
5710,11
5711,10
5712,10
5713,0
5714,10
5715,10
5716,11
5717,0
5718,10
5719,10
5720,10
5721,11
5722,10
5723,11
5724,11
5725,11
5726,10
5727,11
5728,10
5729,10
5730,10
5731,11
5732,11
5733,0
5734,10
5735,0
5736,0
5737,0
5738,11
5739,10
5740,10
5741,10
5742,11
5743,10
5744,11
5745,10
5746,11
5747,10
5748,11
5749,10
5750,10
5751,11
5752,11
5753,11
5754,10
5755,10
5756,10
5757,10
5758,11
5759,11
5760,11
5761,10
5762,11
5763,11
5764,0
5765,11
5766,11
5767,0
5768,10
5769,0
5770,11
5771,11
5772,11
5773,10
5774,10
5775,11
5776,0
5777,11
5778,11
5779,10
5780,10
5781,11
5782,10
5783,10
5784,10
5785,10
5786,10
5787,11
5788,10
5789,11
5790,11
5791,10
5792,11
5793,11
5794,11
5795,0
5796,10
5797,11
5798,10
5799,0
5800,11
5801,10
5802,11
5803,0
5804,11
5805,0
5806,10
5807,10
5808,11
5809,11
5810,10
5811,0
5812,11
5813,10
5814,10
5815,10
5816,11
5817,10
5818,11
5819,10
5820,0
5821,10
5822,10
5823,11
5824,11
5825,11
5826,10
5827,11
5828,11
5829,10
5830,10
5831,0
5832,10
5833,0
5834,11
5835,11
5836,11
5837,0
5838,10
5839,10
5840,11
5841,10
5842,10
5843,10
5844,11
5845,11
5846,10
5847,10
5848,11
5849,11
5850,10
5851,11
5852,0
5853,10
5854,11
5855,10
5856,10
5857,10
5858,11
5859,10
5860,10
5861,11
5862,11
5863,10
5864,10
5865,0
5866,10
5867,11
5868,10
5869,10
5870,10
5871,11
5872,11
5873,11
5874,0
5875,0
5876,11
5877,10
5878,0
5879,11
5880,11
5881,11
5882,10
5883,10
5884,10
5885,11
5886,10
5887,10
5888,11
5889,11
5890,10
5891,10
5892,10
5893,11
5894,0
5895,11
5896,10
5897,10
5898,10
5899,11
5900,10
5901,10
5902,11
5903,11
5904,10
5905,10
5906,11
5907,0
5908,10
5909,0
5910,10
5911,0
5912,0
5913,10
5914,11
5915,10
5916,0
5917,10
5918,10
5919,11
5920,11
5921,11
5922,11
5923,10
5924,11
5925,11
5926,10
5927,10
5928,10
5929,0
5930,10
5931,0
5932,10
5933,10
5934,11
5935,11
5936,11
5937,11
5938,11
5939,11
5940,10
5941,10
5942,11
5943,10
5944,10
5945,11
5946,11
5947,11
5948,10
5949,10
5950,10
5951,10
5952,11
5953,10
5954,10
5955,10
5956,11
5957,11
5958,10
5959,10
5960,11
5961,10
5962,10
5963,11
5964,11
5965,0
5966,11
5967,10
5968,10
5969,0
5970,10
5971,10
5972,11
5973,10
5974,10
5975,10
5976,11
5977,10
5978,11
5979,10
5980,11
5981,10
5982,11
5983,10
5984,11
5985,10
5986,11
5987,10
5988,11
5989,11
5990,11
5991,11
5992,11
5993,0
5994,11
5995,10
5996,10
5997,10
5998,11
5999,10
6000,11
6001,11
6002,10
6003,11
6004,10
6005,11
6006,11
6007,10
6008,11
6009,10
6010,10
6011,11
6012,11
6013,11
6014,11
6015,11
6016,10
6017,10
6018,10
6019,11
6020,10
6021,11
6022,10
6023,11
6024,10
6025,11
6026,11
6027,10
6028,11
6029,11
6030,10
6031,11
6032,10
6033,10
6034,10
6035,11
6036,11
6037,11
6038,10
6039,11
6040,10
6041,11
6042,10
6043,10
6044,10
6045,11
6046,11
6047,11
6048,10
6049,10
6050,11
6051,0
6052,10
6053,10
6054,10
6055,10
6056,11
6057,0
6058,10
6059,10
6060,10
6061,10
6062,11
6063,11
6064,11
6065,11
6066,11
6067,11
6068,11
6069,11
6070,11
6071,10
6072,11
6073,11
6074,10
6075,11
6076,10
6077,11
6078,11
6079,10
6080,10
6081,10
6082,11
6083,11
6084,11
6085,11
6086,11
6087,11
6088,0
6089,11
6090,0
6091,11
6092,11
6093,10
6094,11
6095,11
6096,10
6097,10
6098,11
6099,11
6100,11
6101,11
6102,10
6103,10
6104,10
6105,0
6106,11
6107,0
6108,11
6109,11
6110,0
6111,0
6112,11
6113,11
6114,11
6115,11
6116,11
6117,10
6118,11
6119,11
6120,0
6121,10
6122,11
6123,11
6124,0
6125,10
6126,0
6127,11
6128,11
6129,10
6130,10
6131,10
6132,10
6133,11
6134,10
6135,11
6136,11
6137,11
6138,10
6139,11
6140,11
6141,10
6142,10
6143,10
6144,0
6145,11
6146,10
6147,11
6148,11
6149,10
6150,10
6151,11
6152,10
6153,11
6154,11
6155,10
6156,0
6157,10
6158,0
6159,10
6160,10
6161,10
6162,0
6163,10
6164,10
6165,11
6166,11
6167,10
6168,10
6169,10
6170,11
6171,10
6172,10
6173,11
6174,11
6175,10
6176,0
6177,0
6178,0
6179,10
6180,11
6181,10
6182,10
6183,10
6184,11
6185,11
6186,10
6187,10
6188,11
6189,10
6190,10
6191,11
6192,10
6193,0
6194,10
6195,11
6196,10
6197,10
6198,10
6199,11
6200,10
6201,11
6202,10
6203,11
6204,11
6205,10
6206,10
6207,10
6208,0
6209,10
6210,11
6211,11
6212,10
6213,0
6214,11
6215,10
6216,11
6217,11
6218,11
6219,10
6220,10
6221,10
6222,0
6223,11
6224,11
6225,10
6226,10
6227,10
6228,0
6229,11
6230,11
6231,11
6232,11
6233,10
6234,11
6235,11
6236,11
6237,11
6238,11
6239,0
6240,11
6241,0
6242,10
6243,11
6244,11
6245,10
6246,10
6247,10
6248,10
6249,11
6250,10
6251,10
6252,0
6253,10
6254,11
6255,11
6256,10
6257,11
6258,11
6259,10
6260,11
6261,10
6262,10
6263,11
6264,10
6265,11
6266,11
6267,11
6268,10
6269,11
6270,11
6271,10
6272,11
6273,11
6274,10
6275,10
6276,11
6277,10
6278,0
6279,11
6280,10
6281,11
6282,10
6283,10
6284,10
6285,10
6286,11
6287,11
6288,10
6289,0
6290,0
6291,11
6292,10
6293,10
6294,10
6295,0
6296,10
6297,0
6298,10
6299,10
6300,10
6301,10
6302,11
6303,11
6304,10
6305,10
6306,0
6307,11
6308,11
6309,10
6310,10
6311,10
6312,11
6313,11
6314,10
6315,11
6316,10
6317,10
6318,10
6319,10
6320,11
6321,11
6322,10
6323,11
6324,10
6325,10
6326,10
6327,11
6328,10
6329,10
6330,10
6331,11
6332,10
6333,10
6334,10
6335,10
6336,11
6337,11
6338,10
6339,11
6340,10
6341,11
6342,10
6343,11
6344,11
6345,11
6346,11
6347,10
6348,11
6349,11
6350,10
6351,10
6352,0
6353,10
6354,10
6355,10
6356,0
6357,10
6358,10
6359,10
6360,11
6361,10
6362,0
6363,11
6364,0
6365,10
6366,10
6367,11
6368,10
6369,0
6370,10
6371,10
6372,11
6373,10
6374,11
6375,10
6376,11
6377,11
6378,11
6379,0
6380,10
6381,10
6382,10
6383,10
6384,10
6385,10
6386,11
6387,11
6388,11
6389,11
6390,11
6391,11
6392,10
6393,0
6394,11
6395,11
6396,10
6397,10
6398,0
6399,11
6400,10
6401,11
6402,11
6403,10
6404,11
6405,10
6406,11
6407,10
6408,11
6409,10
6410,0
6411,11
6412,11
6413,11
6414,10
6415,10
6416,11
6417,11
6418,10
6419,11
6420,10
6421,11
6422,10
6423,11
6424,10
6425,10
6426,11
6427,11
6428,10
6429,11
6430,11
6431,10
6432,11
6433,11
6434,10
6435,11
6436,10
6437,10
6438,10
6439,11
6440,11
6441,10
6442,10
6443,11
6444,10
6445,11
6446,11
6447,10
6448,10
6449,11
6450,11
6451,10
6452,10
6453,10
6454,10
6455,0
6456,10
6457,10
6458,10
6459,0
6460,11
6461,10
6462,10
6463,10
6464,10
6465,11
6466,10
6467,10
6468,10
6469,11
6470,11
6471,11
6472,10
6473,11
6474,11
6475,11
6476,10
6477,11
6478,11
6479,11
6480,10
6481,10
6482,10
6483,10
6484,11
6485,10
6486,11
6487,11
6488,10
6489,10
6490,11
6491,11
6492,0
6493,0
6494,11
6495,10
6496,10
6497,10
6498,10
6499,11
6500,10
6501,11
6502,10
6503,11
6504,11
6505,0
6506,10
6507,11
6508,11
6509,10
6510,11
6511,0
6512,10
6513,11
6514,0
6515,0
6516,10
6517,11
6518,11
6519,11
6520,10
6521,11
6522,11
6523,11
6524,10
6525,10
6526,10
6527,11
6528,11
6529,10
6530,10
6531,10
6532,11
6533,10
6534,11
6535,11
6536,11
6537,10
6538,11
6539,0
6540,11
6541,11
6542,0
6543,11
6544,11
6545,10
6546,10
6547,11
6548,11
6549,11
6550,11
6551,10
6552,11
6553,11
6554,10
6555,0
6556,10
6557,10
6558,11
6559,10
6560,10
6561,10
6562,10
6563,10
6564,10
6565,11
6566,11
6567,10
6568,11
6569,11
6570,11
6571,11
6572,10
6573,11
6574,10
6575,11
6576,11
6577,11
6578,11
6579,10
6580,11
6581,11
6582,10
6583,10
6584,11
6585,11
6586,11
6587,10
6588,10
6589,11
6590,10
6591,10
6592,10
6593,11
6594,11
6595,10
6596,10
6597,0
6598,10
6599,10
6600,11
6601,0
6602,10
6603,11
6604,10
6605,0
6606,10
6607,10
6608,10
6609,10
6610,10
6611,11
6612,10
6613,11
6614,11
6615,10
6616,10
6617,11
6618,10
6619,11
6620,11
6621,11
6622,10
6623,0
6624,10
6625,11
6626,11
6627,11
6628,11
6629,10
6630,11
6631,10
6632,10
6633,10
6634,11
6635,11
6636,10
6637,10
6638,10
6639,11
6640,10
6641,10
6642,0
6643,10
6644,11
6645,11
6646,10
6647,10
6648,11
6649,11
6650,10
6651,10
6652,11
6653,11
6654,10
6655,10
6656,11
6657,11
6658,10
6659,11
6660,10
6661,11
6662,10
6663,10
6664,11
6665,11
6666,10
6667,10
6668,10
6669,11
6670,11
6671,10
6672,11
6673,11
6674,10
6675,11
6676,11
6677,11
6678,11
6679,0
6680,11
6681,10
6682,11
6683,10
6684,11
6685,11
6686,11
6687,10
6688,0
6689,10
6690,11
6691,10
6692,0
6693,10
6694,10
6695,10
6696,11
6697,10
6698,10
6699,10
6700,10
6701,0
6702,10
6703,11
6704,10
6705,0
6706,10
6707,11
6708,0
6709,10
6710,11
6711,11
6712,11
6713,10
6714,10
6715,10
6716,10
6717,10
6718,11
6719,10
6720,11
6721,11
6722,11
6723,11
6724,10
6725,10
6726,11
6727,10
6728,11
6729,11
6730,10
6731,11
6732,10
6733,0
6734,10
6735,10
6736,11
6737,11
6738,10
6739,11
6740,11
6741,11
6742,0
6743,11
6744,11
6745,11
6746,10
6747,11
6748,11
6749,11
6750,11
6751,0
6752,10
6753,10
6754,11
6755,10
6756,10
6757,11
6758,0
6759,11
6760,11
6761,11
6762,11
6763,11
6764,10
6765,10
6766,10
6767,11
6768,11
6769,0
6770,10
6771,11
6772,10
6773,10
6774,10
6775,10
6776,10
6777,10
6778,10
6779,10
6780,10
6781,10
6782,10
6783,11
6784,0
6785,10
6786,10
6787,11
6788,10
6789,10
6790,11
6791,10
6792,0
6793,10
6794,10
6795,10
6796,11
6797,11
6798,10
6799,10
6800,11
6801,11
6802,11
6803,10
6804,11
6805,11
6806,11
6807,11
6808,11
6809,10
6810,0
6811,11
6812,11
6813,10
6814,0
6815,10
6816,11
6817,11
6818,11
6819,11
6820,11
6821,10
6822,10
6823,11
6824,10
6825,0
6826,11
6827,10
6828,11
6829,10
6830,10
6831,10
6832,10
6833,11
6834,10
6835,0
6836,10
6837,10
6838,11
6839,10
6840,10
6841,10
6842,11
6843,11
6844,10
6845,10
6846,10
6847,10
6848,10
6849,11
6850,10
6851,10
6852,10
6853,11
6854,11
6855,10
6856,11
6857,11
6858,11
6859,0
6860,11
6861,10
6862,0
6863,10
6864,0
6865,10
6866,10
6867,0
6868,10
6869,0
6870,10
6871,11
6872,10
6873,10
6874,10
6875,10
6876,10
6877,11
6878,11
6879,10
6880,11
6881,11
6882,11
6883,11
6884,11
6885,11
6886,11
6887,10
6888,10
6889,10
6890,11
6891,10
6892,11
6893,11
6894,10
6895,10
6896,11
6897,10
6898,0
6899,10
6900,0
6901,11
6902,10
6903,10
6904,11
6905,10
6906,11
6907,10
6908,11
6909,11
6910,10
6911,10
6912,11
6913,11
6914,10
6915,11
6916,10
6917,10
6918,10
6919,11
6920,11
6921,11
6922,10
6923,11
6924,11
6925,10
6926,10
6927,10
6928,10
6929,10
6930,0
6931,11
6932,11
6933,11
6934,10
6935,10
6936,11
6937,0
6938,10
6939,10
6940,0
6941,11
6942,11
6943,10
6944,10
6945,10
6946,11
6947,11
6948,10
6949,11
6950,10
6951,10
6952,11
6953,0
6954,10
6955,11
6956,11
6957,10
6958,10
6959,0
6960,10
6961,10
6962,11
6963,10
6964,0
6965,11
6966,11
6967,10
6968,0
6969,0
6970,10
6971,11
6972,10
6973,10
6974,0
6975,11
6976,10
6977,11
6978,11
6979,11
6980,0
6981,0
6982,10
6983,11
6984,11
6985,11
6986,10
6987,11
6988,11
6989,11
6990,10
6991,11
6992,11
6993,11
6994,11
6995,11
6996,10
6997,0
6998,10
6999,10
7000,11
7001,10
7002,10
7003,10
7004,10
7005,10
7006,11
7007,11
7008,10
7009,11
7010,11
7011,10
7012,10
7013,10
7014,10
7015,10
7016,11
7017,0
7018,11
7019,11
7020,11
7021,10
7022,10
7023,11
7024,11
7025,10
7026,11
7027,10
7028,11
7029,10
7030,10
7031,10
7032,10
7033,10
7034,10
7035,10
7036,10
7037,10
7038,10
7039,10
7040,11
7041,10
7042,10
7043,0
